vip,result,detail
vip,result,detail
ACE-VIP,PASS,legacy RTL IP: self-checking tb TEST PASSED
ACE_Lite-UVM-VIP,PASS,smoke_func_tb:PASS(functional protocol check)
ACE_Lite-VIP,PASS,legacy RTL IP: self-checking tb TEST PASSED
AHB-VIP,PASS,smoke_func_tb:PASS(functional protocol check)
APB-VIP,PASS,smoke_func_tb:PASS(functional protocol check)
ATB-UVM-VIP,PASS,smoke_func_tb:PASS(functional protocol check)
ATB-VIP,PASS,legacy RTL IP: self-checking tb TEST PASSED
AVSBus-VIP,PASS,avsbus_regulator_model:PASS(x_hits=0 toggles=111 [verilator])
AXI-VIP,PASS,smoke_func_tb:PASS(functional protocol check)
AXI4-VIP,PASS,legacy RTL IP: self-checking tb TEST PASSED
AXI4_Lite-VIP,PASS,legacy RTL IP: self-checking tb TEST PASSED
AXI_Stream-VIP,PASS,legacy RTL IP: self-checking tb TEST PASSED
Avalon_MM-UVM-VIP,PASS,smoke_func_tb:PASS(functional protocol check)
Avalon_MM-VIP,PASS,legacy RTL IP: self-checking tb TEST PASSED
Avalon_ST-UVM-VIP,PASS,smoke_func_tb:PASS(functional protocol check)
Avalon_ST-VIP,PASS,legacy RTL IP: self-checking tb TEST PASSED
Bluetooth5-VIP,PASS,bluetooth5_dut:PASS(x_hits=0 toggles=1259 [verilator])
CAN-VIP,PASS,can_node_model:PASS(x_hits=0 toggles=11)
CAN_FD-UVM-VIP,PASS,smoke_func_tb:PASS(functional protocol check)
CCIX-VIP,PASS,ccix_agent_model:PASS(x_hits=0 toggles=2232)
CHI-UVM-VIP,PASS,smoke_func_tb:PASS(functional protocol check)
CHI-VIP,PASS,legacy RTL IP: self-checking tb TEST PASSED
CPRI-VIP,PASS,cpri_slave_dut:PASS(x_hits=0 toggles=0)
CSE-VIP,PASS,mipi_dut:PASS(x_hits=0 toggles=4202)
CSI_2-VIP,PASS,mipi_dut:PASS(x_hits=0 toggles=6920 [verilator])
CXL-VIP,PASS,smoke_func_tb:PASS(functional protocol check)
CXS-VIP,PASS,cxs_receiver_model:PASS(x_hits=0 toggles=741)
C_PHY-VIP,PASS,mipi_dut:PASS(x_hits=0 toggles=6920 [verilator])
DBI-VIP,PASS,dbi_display_controller:PASS(x_hits=0 toggles=154 [verilator])
DDR-VIP,PASS,ddr_mem_model:PASS(x_hits=0 toggles=0 [verilator])
DDR4-VIP,PASS,legacy RTL IP: self-checking tb TEST PASSED
DFI-VIP,PASS,dfi_dram_model:PASS(x_hits=0 toggles=183 [verilator])
DPI-VIP,PASS,dpi_display_sink:PASS(x_hits=0 toggles=0)
DSI-VIP,PASS,mipi_dut:PASS(x_hits=0 toggles=6920 [verilator])
D_PHY-VIP,PASS,mipi_dut:PASS(x_hits=0 toggles=6920 [verilator])
DigRF-VIP,PASS,mipi_dut:PASS(x_hits=0 toggles=3372 [verilator])
DisplayPort2-VIP,PASS,displayport2_sink_model:PASS(x_hits=0 toggles=0); sata_dut:PASS(x_hits=0 toggles=715); nvme_dut:PASS(x_hits=0 toggles=715); jtag_dut:PASS(x_hits=0 toggles=715); bluetooth5_dut:PASS(x_hits=0 toggles=715)
EtherCAT-VIP,PASS,smoke_func_tb:PASS(functional protocol check)
Ethernet-VIP,PASS,smoke_func_tb:PASS(functional protocol check)
Ethernet_AVB_TSN-VIP,PASS,eth_avb_tsn_dut:PASS(x_hits=0 toggles=4044)
FC-VIP,PASS,net_mac_model:PASS(x_hits=0 toggles=1095 [verilator]); net_fc_model:PASS(x_hits=0 toggles=1836 [verilator]); net_dut:SKIP(interface eth_1g_if passed through to submodule)
FlexRay-VIP,PASS,flexray_node_model:PASS(x_hits=0 toggles=1525)
GMII-UVM-VIP,PASS,smoke_func_tb:PASS(functional protocol check)
GMII-VIP,PASS,legacy RTL IP: self-checking tb TEST PASSED
GPIO-UVM-VIP,PASS,smoke_func_tb:PASS(functional protocol check)
GPIO-VIP,PASS,legacy RTL IP: self-checking tb TEST PASSED
HBM-VIP,PASS,hbm_mem_model:PASS(x_hits=0 toggles=0 [verilator])
HBM5-VIP,PASS,hbm5_mem_model:PASS(x_hits=0 toggles=0 [verilator])
HDCP-VIP,PASS,hdcp_receiver_model:PASS(x_hits=0 toggles=95)
HDMI-VIP,PASS,hdmi_sink_model:PASS(x_hits=0 toggles=413)
HSI-VIP,PASS,mipi_dut:PASS(x_hits=0 toggles=3372 [verilator])
I2C-VIP,PASS,smoke_func_tb:PASS(functional protocol check)
I2S-VIP,PASS,i2s_receiver_loopback:PASS(x_hits=0 toggles=724 [verilator])
I3C-VIP,PASS,i3c_target_model:PASS(x_hits=0 toggles=0)
IO_Link-VIP,PASS,smoke_func_tb:PASS(functional protocol check)
Interlaken-VIP,PASS,intlkn_rx_dut:PASS(x_hits=0 toggles=1487)
JESD204-VIP,PASS,jesd204_adc_dut:PASS(x_hits=0 toggles=1957)
JTAG-VIP,PASS,jtag_tap_dut:PASS(x_hits=0 toggles=2021)
LIN-VIP,PASS,lin_slave_model:PASS(x_hits=0 toggles=181)
LPDDR-VIP,PASS,lpddr_mem_model:PASS(x_hits=0 toggles=0 [verilator])
LPDDR4-VIP,PASS,legacy RTL IP: self-checking tb TEST PASSED
LPI-VIP,PASS,lpi_device_model:PASS(x_hits=0 toggles=755)
LTI-VIP,PASS,lti_translation_unit_model:PASS(x_hits=0 toggles=1355)
MDIO-UVM-VIP,PASS,smoke_func_tb:PASS(functional protocol check)
MDIO-VIP,PASS,legacy RTL IP: self-checking tb TEST PASSED
MIL_STD_1553-VIP,PASS,smoke_func_tb:PASS(functional protocol check)
M_PHY-VIP,PASS,mipi_dut:PASS(x_hits=0 toggles=6920 [verilator])
NVMe-VIP,PASS,smoke_func_tb:PASS(functional protocol check)
OCP-VIP,PASS,ocp_slave_model:PASS(x_hits=0 toggles=1182 [verilator])
ONFI-VIP,PASS,onfi_nand_model:PASS(x_hits=0 toggles=55 [verilator])
OneWire-UVM-VIP,PASS,smoke_func_tb:PASS(functional protocol check)
OneWire-VIP,PASS,legacy RTL IP: self-checking tb TEST PASSED
PCIe-VIP,PASS,smoke_func_tb:PASS(functional protocol check)
PTP-VIP,PASS,smoke_func_tb:PASS(functional protocol check)
PWM-UVM-VIP,PASS,smoke_func_tb:PASS(functional protocol check)
PWM-VIP,PASS,legacy RTL IP: self-checking tb TEST PASSED
QSPI-VIP,PASS,legacy RTL IP: self-checking tb TEST PASSED
RFFE-VIP,PASS,rffe_slave_model:PASS(x_hits=0 toggles=0)
RGMII-UVM-VIP,PASS,smoke_func_tb:PASS(functional protocol check)
RGMII-VIP,PASS,legacy RTL IP: self-checking tb TEST PASSED
RapidIO-VIP,PASS,smoke_func_tb:PASS(functional protocol check)
SAS-VIP,PASS,sas_target_model:PASS(x_hits=0 toggles=1)
SATA-VIP,PASS,sata_host_model:PASS(x_hits=0 toggles=1222 [verilator])
SD-VIP,PASS,unipro_endpoint_dut:PASS(x_hits=0 toggles=4274); emmc_device_dut:SKIP(compile: unsupported SV (see smoke.log)); onfi_flash_dut:PASS(x_hits=0 toggles=1); ufs_device_dut:PASS(x_hits=0 toggles=928 [verilator]); sd_card_dut:PASS(x_hits=0 toggles=367)
SDIO-UVM-VIP,PASS,smoke_func_tb:PASS(functional protocol check)
SDIO-VIP,PASS,legacy RTL IP: self-checking tb TEST PASSED
SENT-VIP,PASS,smoke_func_tb:PASS(functional protocol check)
SLIMbus-VIP,PASS,slimbus_codec_slave:PASS(x_hits=0 toggles=14)
SPI-VIP,PASS,smoke_func_tb:PASS(functional protocol check)
SPMI-VIP,PASS,spmi_slave_model:PASS(x_hits=0 toggles=0)
SWD-VIP,PASS,swd_dp_model:PASS(x_hits=0 toggles=74 [verilator])
Security-VIP,PASS,security_engine_model:PASS(x_hits=0 toggles=1310 [verilator])
SoundWire-VIP,PASS,soundwire_audio_peripheral:PASS(x_hits=0 toggles=1 [verilator])
TileLink-VIP,PASS,tilelink_device_model:PASS(x_hits=0 toggles=1521 [verilator])
ToggleNAND-VIP,PASS,tnand_nand_model:PASS(x_hits=0 toggles=6 [verilator])
TypeC-VIP,PASS,typec_partner_model:PASS(x_hits=0 toggles=1934 [verilator])
UALink-VIP,PASS,smoke_func_tb:PASS(functional protocol check)
UART-VIP,PASS,smoke_func_tb:PASS(functional protocol check)
UCIe-VIP,PASS,smoke_func_tb:PASS(functional protocol check)
UEC-VIP,PASS,smoke_func_tb:PASS(functional protocol check)
UFS-VIP,PASS,unipro_endpoint_dut:PASS(x_hits=0 toggles=4274); emmc_device_dut:PASS(x_hits=0 toggles=1470); onfi_flash_dut:PASS(x_hits=0 toggles=1); ufs_device_dut:PASS(x_hits=0 toggles=928 [verilator])
USB-VIP,PASS,usb_dut:SKIP(interface usb2_if passed through to submodule); usb2_dev_ep:SKIP(interface vif passed through to submodule); usb3_phy_model:SKIP(interface vif passed through to submodule); usb4_phy_model:SKIP(interface vif passed through to submodule); pd_controller_model:SKIP(interface vif passed through to submodule); usb_smoke_model:PASS(x_hits=0 toggles=879)
USB2-VIP,PASS,smoke_func_tb:PASS(functional protocol check)
USB3-VIP,PASS,usb_dut:SKIP(interface usb2_if passed through to submodule); usb2_dev_ep:SKIP(interface vif passed through to submodule); usb3_phy_model:SKIP(interface vif passed through to submodule); usb4_phy_model:SKIP(interface vif passed through to submodule); pd_controller_model:SKIP(interface vif passed through to submodule); usb3_smoke_model:PASS(x_hits=0 toggles=167)
USB4-VIP,PASS,usb_dut:SKIP(interface usb2_if passed through to submodule); usb2_dev_ep:SKIP(interface vif passed through to submodule); usb3_phy_model:SKIP(interface vif passed through to submodule); usb4_phy_model:SKIP(interface vif passed through to submodule); pd_controller_model:SKIP(interface vif passed through to submodule); usb4_smoke_model:PASS(x_hits=0 toggles=491)
USB_PD-VIP,PASS,usb_dut:SKIP(interface usb2_if passed through to submodule); usb2_dev_ep:SKIP(interface vif passed through to submodule); usb3_phy_model:SKIP(interface vif passed through to submodule); usb4_phy_model:SKIP(interface vif passed through to submodule); pd_controller_model:SKIP(interface vif passed through to submodule); usb_pd_smoke_model:PASS(x_hits=0 toggles=762)
UniPro-VIP,PASS,mipi_dut:PASS(x_hits=0 toggles=6920 [verilator])
UniPro_Mem-VIP,PASS,unipro_endpoint_dut:PASS(x_hits=0 toggles=4979); emmc_device_dut:PASS(x_hits=0 toggles=1470); onfi_flash_dut:PASS(x_hits=0 toggles=1); ufs_device_dut:PASS(x_hits=0 toggles=2199)
WTB-UVM-VIP,PASS,smoke_func_tb:PASS(functional protocol check)
WTB-VIP,PASS,legacy RTL IP: self-checking tb TEST PASSED
Wishbone-UVM-VIP,PASS,smoke_func_tb:PASS(functional protocol check)
Wishbone-VIP,PASS,legacy RTL IP: self-checking tb TEST PASSED
XGMII-UVM-VIP,PASS,smoke_func_tb:PASS(functional protocol check)
XGMII-VIP,PASS,legacy RTL IP: self-checking tb TEST PASSED
ddr6-VIP,PASS,ddr6_mem_model:PASS(x_hits=0 toggles=0 [verilator])
ddr7-VIP,PASS,ddr7_mem_model:PASS(x_hits=0 toggles=0 [verilator])
eCPRI-VIP,PASS,ecpri_endpoint_dut:PASS(x_hits=0 toggles=596)
eMMC-VIP,PASS,unipro_endpoint_dut:PASS(x_hits=0 toggles=4274); emmc_device_dut:SKIP(compile: unsupported SV (see smoke.log)); onfi_flash_dut:PASS(x_hits=0 toggles=1); ufs_device_dut:PASS(x_hits=0 toggles=928 [verilator])
eUSB2-VIP,PASS,eusb2_smoke_model:PASS(x_hits=0 toggles=1824); usb_dut:SKIP(interface usb2_if passed through to submodule); usb2_dev_ep:SKIP(interface vif passed through to submodule); usb3_phy_model:SKIP(interface vif passed through to submodule); usb4_phy_model:SKIP(interface vif passed through to submodule); pd_controller_model:SKIP(interface vif passed through to submodule)
gddr5-VIP,PASS,gddr5_mem_model:PASS(x_hits=0 toggles=0 [verilator])
gddr6-VIP,PASS,gddr6_mem_model:PASS(x_hits=0 toggles=0 [verilator])
gddr7-VIP,PASS,gddr7_mem_model:PASS(x_hits=0 toggles=0 [verilator])
hbm2-VIP,PASS,hbm2_mem_model:PASS(x_hits=0 toggles=0 [verilator])
hbm3-VIP,PASS,hbm3_mem_model:PASS(x_hits=0 toggles=0 [verilator])
hbm4-VIP,PASS,hbm4_mem_model:PASS(x_hits=0 toggles=0 [verilator])
lpddr5-VIP,PASS,lpddr5_mem_model:PASS(x_hits=0 toggles=0 [verilator])
lpddr5x-VIP,PASS,lpddr5x_mem_model:PASS(x_hits=0 toggles=0)
lpddr7-VIP,PASS,lpddr7_mem_model:PASS(x_hits=0 toggles=0)
DDR5-VIP,PASS,smoke_func_tb:PASS(functional protocol check)
LPDDR6-VIP,PASS,smoke_func_tb:PASS(functional protocol check)
HBM3E-VIP,PASS,smoke_func_tb:PASS(functional protocol check)
ETH800G-VIP,PASS,smoke_func_tb:PASS(functional protocol check)
