#,類別,Protocol,類型,VIP檔案,大小(zip),來源家族,SV檔案數,SV行數,SVA assertions,cover property,covergroups,checker檔案,版本,最後更新,狀態,Smoke測試(L1b),下載路徑,License,open-ip 對應
1,Interconnect,CXL,UVM VIP,CXL-VIP.zip,40KB,PCIE-VIP,21,2508,24,21,7,2,v1.7.4,2026-09-28,✅,PASS(functional),https://github.com/tonythetiger168/open-vip-portfolio/tree/main/vips/CXL-VIP,Apache-2.0,CXL
2,Interconnect,PCIe,UVM VIP,PCIe-VIP.zip,41KB,PCIE-VIP,22,2558,28,25,7,2,v1.7.4,2026-09-28,✅,PASS(functional),https://github.com/tonythetiger168/open-vip-portfolio/tree/main/vips/PCIe-VIP,Apache-2.0,PCIe
3,Interconnect,UCIe,UVM VIP,UCIe-VIP.zip,54KB,PCIE-VIP,28,3078,40,20,8,5,v1.7.4,2026-09-28,✅,PASS(verilator),https://github.com/tonythetiger168/open-vip-portfolio/tree/main/vips/UCIe-VIP,Apache-2.0,UCIe
4,Interconnect,UALink,UVM VIP,UALink-VIP.zip,54KB,PCIE-VIP,28,3043,38,18,8,5,v1.7.4,2026-09-28,✅,PASS(verilator),https://github.com/tonythetiger168/open-vip-portfolio/tree/main/vips/UALink-VIP,Apache-2.0,UALink
5,Networking,Ethernet,UVM VIP,Ethernet-VIP.zip,51KB,NET-VIP,26,3541,37,19,5,4,v1.7.4,2026-09-28,✅,PASS(functional),https://github.com/tonythetiger168/open-vip-portfolio/tree/main/vips/Ethernet-VIP,Apache-2.0,Ethernet
6,Networking,FC,UVM VIP,FC-VIP.zip,48KB,NET-VIP,25,3387,37,19,5,4,v1.7.4,2026-09-28,✅,PASS(verilator),https://github.com/tonythetiger168/open-vip-portfolio/tree/main/vips/FC-VIP,Apache-2.0,FC
7,Networking,UEC,UVM VIP,UEC-VIP.zip,42KB,NET-VIP,25,2373,33,18,8,4,v1.7.4,2026-09-28,✅,PASS(verilator),https://github.com/tonythetiger168/open-vip-portfolio/tree/main/vips/UEC-VIP,Apache-2.0,UEC
8,USB,USB,UVM VIP,USB-VIP.zip,63KB,USB-VIP,21,5263,27,19,14,7,v1.7.4,2026-09-28,✅,PASS,https://github.com/tonythetiger168/open-vip-portfolio/tree/main/vips/USB-VIP,Apache-2.0,USB
9,USB,USB-PD,UVM VIP,USB_PD-VIP.zip,61KB,USB-VIP,20,5149,27,19,14,6,v1.7.4,2026-09-28,✅,PASS,https://github.com/tonythetiger168/open-vip-portfolio/tree/main/vips/USB_PD-VIP,Apache-2.0,USB PD (Power Delivery)
10,USB,USB2,UVM VIP,USB2-VIP.zip,64KB,USB-VIP,21,5344,27,19,14,6,v1.7.4,2026-09-28,✅,PASS(functional),https://github.com/tonythetiger168/open-vip-portfolio/tree/main/vips/USB2-VIP,Apache-2.0,USB2
11,USB,USB3,UVM VIP,USB3-VIP.zip,61KB,USB-VIP,20,5167,29,21,14,6,v1.7.4,2026-09-28,✅,PASS,https://github.com/tonythetiger168/open-vip-portfolio/tree/main/vips/USB3-VIP,Apache-2.0,USB3
12,USB,USB4,UVM VIP,USB4-VIP.zip,61KB,USB-VIP,20,5159,27,19,14,6,v1.7.4,2026-09-28,✅,PASS,https://github.com/tonythetiger168/open-vip-portfolio/tree/main/vips/USB4-VIP,Apache-2.0,USB4
13,USB,eUSB2,UVM VIP,eUSB2-VIP.zip,61KB,USB-VIP,20,5160,25,17,14,6,v1.7.4,2026-09-28,✅,PASS,https://github.com/tonythetiger168/open-vip-portfolio/tree/main/vips/eUSB2-VIP,Apache-2.0,eUSB2
14,AMBA,AHB,UVM VIP,AHB-VIP.zip,35KB,AMBA-VIP,16,1968,33,16,8,4,v1.7.4,2026-09-28,✅,PASS(functional),https://github.com/tonythetiger168/open-vip-portfolio/tree/main/vips/AHB-VIP,Apache-2.0,AHB
15,AMBA,APB,UVM VIP,APB-VIP.zip,33KB,AMBA-VIP,16,1827,31,14,8,4,v1.7.4,2026-09-28,✅,PASS(functional),https://github.com/tonythetiger168/open-vip-portfolio/tree/main/vips/APB-VIP,Apache-2.0,APB
16,AMBA,AXI,UVM VIP,AXI-VIP.zip,35KB,AMBA-VIP,16,1985,32,15,8,4,v1.7.4,2026-09-28,✅,PASS(functional),https://github.com/tonythetiger168/open-vip-portfolio/tree/main/vips/AXI-VIP,Apache-2.0,AXI
17,Memory,DDR,UVM VIP,DDR-VIP.zip,29KB,MEMORY-VIP,10,1575,33,29,0,5,v1.7.4,2026-09-28,✅,PASS(verilator),https://github.com/tonythetiger168/open-vip-portfolio/tree/main/vips/DDR-VIP,Apache-2.0,DDR
18,Memory,DDR5,UVM VIP,ddr5-VIP.zip,27KB,NEW,15,1264,38,26,3,5,v1.7.4,2026-09-28,✅,PASS(verilator),https://github.com/tonythetiger168/open-vip-portfolio/tree/main/vips/ddr5-VIP,Apache-2.0,DDR5
19,Memory,DDR6,UVM VIP,ddr6-VIP.zip,27KB,NEW,15,1266,38,26,3,5,v1.7.4,2026-09-28,✅,PASS(verilator),https://github.com/tonythetiger168/open-vip-portfolio/tree/main/vips/ddr6-VIP,Apache-2.0,DDR6
20,Memory,HBM,UVM VIP,HBM-VIP.zip,29KB,MEMORY-VIP,10,1548,28,24,0,5,v1.7.4,2026-09-28,✅,PASS(verilator),https://github.com/tonythetiger168/open-vip-portfolio/tree/main/vips/HBM-VIP,Apache-2.0,HBM
21,Memory,LPDDR,UVM VIP,LPDDR-VIP.zip,29KB,MEMORY-VIP,10,1593,28,24,0,5,v1.7.4,2026-09-28,✅,PASS(verilator),https://github.com/tonythetiger168/open-vip-portfolio/tree/main/vips/LPDDR-VIP,Apache-2.0,LPDDR
22,Memory,LPDDR5,UVM VIP,lpddr5-VIP.zip,30KB,NEW,14,1306,28,20,3,5,v1.7.4,2026-09-28,✅,PASS(verilator),https://github.com/tonythetiger168/open-vip-portfolio/tree/main/vips/lpddr5-VIP,Apache-2.0,LPDDR5
23,Memory,LPDDR5X,UVM VIP,lpddr5x-VIP.zip,32KB,NEW,14,1426,37,35,0,5,v1.7.4,2026-09-28,✅,PASS,https://github.com/tonythetiger168/open-vip-portfolio/tree/main/vips/lpddr5x-VIP,Apache-2.0,LPDDR5X
24,Memory,LPDDR6,UVM VIP,lpddr6-VIP.zip,32KB,NEW,14,1437,39,37,0,5,v1.7.4,2026-09-28,✅,PASS,https://github.com/tonythetiger168/open-vip-portfolio/tree/main/vips/lpddr6-VIP,Apache-2.0,LPDDR6
25,Memory,ONFI,UVM VIP,ONFI-VIP.zip,53KB,MEMORY-VIP,17,4267,31,35,0,5,v1.7.4,2026-09-28,✅,PASS(verilator),https://github.com/tonythetiger168/open-vip-portfolio/tree/main/vips/ONFI-VIP,Apache-2.0,ONFI
26,Memory,SD,UVM VIP,SD-VIP.zip,44KB,MEMORY-VIP,13,3269,32,34,0,7,v1.7.4,2026-09-28,✅,PASS(verilator),https://github.com/tonythetiger168/open-vip-portfolio/tree/main/vips/SD-VIP,Apache-2.0,SD
27,Memory,UFS,UVM VIP,UFS-VIP.zip,35KB,MEMORY-VIP,11,2343,32,32,0,5,v1.7.4,2026-09-28,✅,PASS(verilator),https://github.com/tonythetiger168/open-vip-portfolio/tree/main/vips/UFS-VIP,Apache-2.0,UFS
28,Memory,UniPro-Mem,UVM VIP,UniPro_Mem-VIP.zip,39KB,MEMORY-VIP,17,2972,26,26,0,5,v1.7.4,2026-09-28,✅,PASS,https://github.com/tonythetiger168/open-vip-portfolio/tree/main/vips/UniPro_Mem-VIP,Apache-2.0,UniPro-Mem
29,Memory,eMMC,UVM VIP,eMMC-VIP.zip,41KB,MEMORY-VIP,12,2887,32,33,0,6,v1.7.4,2026-09-28,✅,PASS(verilator),https://github.com/tonythetiger168/open-vip-portfolio/tree/main/vips/eMMC-VIP,Apache-2.0,eMMC
30,Memory,DDR7,UVM VIP,ddr7-VIP.zip,27KB,NEW,15,1275,40,28,3,5,v1.7.4,2026-09-28,✅,PASS(verilator),https://github.com/tonythetiger168/open-vip-portfolio/tree/main/vips/ddr7-VIP,Apache-2.0,DDR7
31,Memory,GDDR5,UVM VIP,gddr5-VIP.zip,29KB,NEW,14,1305,28,20,3,5,v1.7.4,2026-09-28,✅,PASS(verilator),https://github.com/tonythetiger168/open-vip-portfolio/tree/main/vips/gddr5-VIP,Apache-2.0,GDDR5
32,Memory,GDDR6,UVM VIP,gddr6-VIP.zip,30KB,NEW,14,1311,30,22,3,5,v1.7.4,2026-09-28,✅,PASS(verilator),https://github.com/tonythetiger168/open-vip-portfolio/tree/main/vips/gddr6-VIP,Apache-2.0,GDDR6
33,Memory,GDDR7,UVM VIP,gddr7-VIP.zip,30KB,NEW,14,1317,32,24,3,5,v1.7.4,2026-09-28,✅,PASS(verilator),https://github.com/tonythetiger168/open-vip-portfolio/tree/main/vips/gddr7-VIP,Apache-2.0,GDDR7
34,Memory,HBM2,UVM VIP,hbm2-VIP.zip,29KB,NEW,14,1305,28,20,3,5,v1.7.4,2026-09-28,✅,PASS(verilator),https://github.com/tonythetiger168/open-vip-portfolio/tree/main/vips/hbm2-VIP,Apache-2.0,HBM2
35,Memory,HBM3,UVM VIP,hbm3-VIP.zip,29KB,NEW,14,1311,30,22,3,5,v1.7.4,2026-09-28,✅,PASS(verilator),https://github.com/tonythetiger168/open-vip-portfolio/tree/main/vips/hbm3-VIP,Apache-2.0,HBM3
36,Memory,HBM3E,UVM VIP,hbm3e-VIP.zip,30KB,NEW,14,1311,30,22,3,5,v1.7.4,2026-09-28,✅,PASS(verilator),https://github.com/tonythetiger168/open-vip-portfolio/tree/main/vips/hbm3e-VIP,Apache-2.0,HBM3E
37,Memory,HBM4,UVM VIP,hbm4-VIP.zip,30KB,NEW,14,1317,32,24,3,5,v1.7.4,2026-09-28,✅,PASS(verilator),https://github.com/tonythetiger168/open-vip-portfolio/tree/main/vips/hbm4-VIP,Apache-2.0,HBM4
38,Memory,HBM5,UVM VIP,HBM5-VIP.zip,27KB,NEW,15,1244,40,28,3,5,v1.7.4,2026-09-28,✅,PASS(verilator),https://github.com/tonythetiger168/open-vip-portfolio/tree/main/vips/HBM5-VIP,Apache-2.0,HBM5
39,Memory,LPDDR7,UVM VIP,lpddr7-VIP.zip,32KB,NEW,14,1448,41,39,0,5,v1.7.4,2026-09-28,✅,PASS,https://github.com/tonythetiger168/open-vip-portfolio/tree/main/vips/lpddr7-VIP,Apache-2.0,LPDDR7
40,MIPI,C-PHY,UVM VIP,C_PHY-VIP.zip,36KB,MIPI-VIP,16,2064,21,14,13,10,v1.7.4,2026-09-28,✅,PASS(verilator),https://github.com/tonythetiger168/open-vip-portfolio/tree/main/vips/C_PHY-VIP,Apache-2.0,C-PHY
41,MIPI,CSE,UVM VIP,CSE-VIP.zip,36KB,MIPI-VIP,15,2221,24,17,5,10,v1.7.4,2026-09-28,✅,PASS,https://github.com/tonythetiger168/open-vip-portfolio/tree/main/vips/CSE-VIP,Apache-2.0,CSE
42,MIPI,CSI-2,UVM VIP,CSI_2-VIP.zip,36KB,MIPI-VIP,16,2071,23,16,13,10,v1.7.4,2026-09-28,✅,PASS(verilator),https://github.com/tonythetiger168/open-vip-portfolio/tree/main/vips/CSI_2-VIP,Apache-2.0,CSI-2
43,MIPI,D-PHY,UVM VIP,D_PHY-VIP.zip,36KB,MIPI-VIP,16,2064,21,14,13,10,v1.7.4,2026-09-28,✅,PASS(verilator),https://github.com/tonythetiger168/open-vip-portfolio/tree/main/vips/D_PHY-VIP,Apache-2.0,D-PHY
44,MIPI,DSI,UVM VIP,DSI-VIP.zip,36KB,MIPI-VIP,16,2070,23,16,13,10,v1.7.4,2026-09-28,✅,PASS(verilator),https://github.com/tonythetiger168/open-vip-portfolio/tree/main/vips/DSI-VIP,Apache-2.0,DSI
45,MIPI,DigRF,UVM VIP,DigRF-VIP.zip,33KB,MIPI-VIP,15,2212,48,17,4,9,v1.7.4,2026-09-28,✅,PASS(verilator),https://github.com/tonythetiger168/open-vip-portfolio/tree/main/vips/DigRF-VIP,Apache-2.0,DigRF
46,MIPI,HSI,UVM VIP,HSI-VIP.zip,34KB,MIPI-VIP,16,2216,51,17,5,10,v1.7.4,2026-09-28,✅,PASS(verilator),https://github.com/tonythetiger168/open-vip-portfolio/tree/main/vips/HSI-VIP,Apache-2.0,HSI
47,MIPI,M-PHY,UVM VIP,M_PHY-VIP.zip,36KB,MIPI-VIP,16,2070,23,16,13,10,v1.7.4,2026-09-28,✅,PASS(verilator),https://github.com/tonythetiger168/open-vip-portfolio/tree/main/vips/M_PHY-VIP,Apache-2.0,M-PHY
48,MIPI,UniPro,UVM VIP,UniPro-VIP.zip,36KB,MIPI-VIP,15,2030,23,16,13,10,v1.7.4,2026-09-28,✅,PASS(verilator),https://github.com/tonythetiger168/open-vip-portfolio/tree/main/vips/UniPro-VIP,Apache-2.0,UniPro
49,Storage/Debug,Bluetooth5,UVM VIP,Bluetooth5-VIP.zip,36KB,uvm_vips,20,1876,32,32,3,6,v1.7.4,2026-09-28,✅,PASS(verilator),https://github.com/tonythetiger168/open-vip-portfolio/tree/main/vips/Bluetooth5-VIP,Apache-2.0,Bluetooth 5
50,Storage/Debug,DisplayPort2,UVM VIP,DisplayPort2-VIP.zip,42KB,uvm_vips,29,2300,31,31,3,6,v1.7.4,2026-09-28,✅,PASS,https://github.com/tonythetiger168/open-vip-portfolio/tree/main/vips/DisplayPort2-VIP,Apache-2.0,DisplayPort 2
51,Storage/Debug,JTAG,UVM VIP,JTAG-VIP.zip,41KB,uvm_vips,28,2299,29,29,3,6,v1.7.4,2026-09-28,✅,PASS,https://github.com/tonythetiger168/open-vip-portfolio/tree/main/vips/JTAG-VIP,Apache-2.0,JTAG
52,Storage/Debug,NVMe,UVM VIP,NVMe-VIP.zip,35KB,uvm_vips,21,1747,32,32,4,6,v1.7.4,2026-09-28,✅,PASS(functional),https://github.com/tonythetiger168/open-vip-portfolio/tree/main/vips/NVMe-VIP,Apache-2.0,NVMe
53,Storage/Debug,SATA,UVM VIP,SATA-VIP.zip,33KB,uvm_vips,20,1617,31,31,4,6,v1.7.4,2026-09-28,✅,PASS(verilator),https://github.com/tonythetiger168/open-vip-portfolio/tree/main/vips/SATA-VIP,Apache-2.0,SATA
54,Automotive,CAN,UVM VIP,CAN-VIP.zip,42KB,automotive_vips_only,22,2143,34,31,4,6,v1.7.4,2026-09-28,✅,PASS,https://github.com/tonythetiger168/open-vip-portfolio/tree/main/vips/CAN-VIP,Apache-2.0,CAN
55,Automotive,Ethernet-AVB-TSN,UVM VIP,Ethernet_AVB_TSN-VIP.zip,66KB,automotive_vips_only,36,3228,59,59,5,12,v1.7.4,2026-09-28,✅,PASS,https://github.com/tonythetiger168/open-vip-portfolio/tree/main/vips/Ethernet_AVB_TSN-VIP,Apache-2.0,Ethernet AVB/TSN
56,Automotive,FlexRay,UVM VIP,FlexRay-VIP.zip,38KB,automotive_vips_only,22,1845,32,29,3,6,v1.7.4,2026-09-28,✅,PASS,https://github.com/tonythetiger168/open-vip-portfolio/tree/main/vips/FlexRay-VIP,Apache-2.0,FlexRay
57,Automotive,LIN,UVM VIP,LIN-VIP.zip,37KB,automotive_vips_only,22,1891,27,24,3,6,v1.7.4,2026-09-28,✅,PASS,https://github.com/tonythetiger168/open-vip-portfolio/tree/main/vips/LIN-VIP,Apache-2.0,LIN
58,Serial,I2C,UVM VIP,I2C-VIP.zip,29KB,NEW-v1.5.0,22,1342,21,2,3,6,v1.7.4,2026-09-28,✅,PASS(functional),https://github.com/tonythetiger168/open-vip-portfolio/tree/main/vips/I2C-VIP,Apache-2.0,I2C
59,Audio,I2S Audio,UVM VIP,I2S-VIP.zip,29KB,NEW-v1.5.0,21,1296,19,2,3,6,v1.7.4,2026-09-28,✅,PASS(verilator),https://github.com/tonythetiger168/open-vip-portfolio/tree/main/vips/I2S-VIP,Apache-2.0,I2S Audio
60,Serial,SPI,UVM VIP,SPI-VIP.zip,31KB,NEW-v1.5.0,22,1423,18,2,3,6,v1.7.4,2026-09-28,✅,PASS(functional),https://github.com/tonythetiger168/open-vip-portfolio/tree/main/vips/SPI-VIP,Apache-2.0,SPI
61,Serial,UART,UVM VIP,UART-VIP.zip,31KB,NEW-v1.5.0,22,1414,19,2,3,6,v1.7.4,2026-09-28,✅,PASS(functional),https://github.com/tonythetiger168/open-vip-portfolio/tree/main/vips/UART-VIP,Apache-2.0,UART
62,Debug,ARM Serial Wire Debug,UVM VIP,SWD-VIP.zip,31KB,NEW-v1.5.0,21,1508,20,2,3,6,v1.7.4,2026-09-28,✅,PASS(verilator),https://github.com/tonythetiger168/open-vip-portfolio/tree/main/vips/SWD-VIP,Apache-2.0,ARM SWD (Serial Wire Debug)
63,Power,AVSBus (Adaptive Voltage Scaling),UVM VIP,AVSBus-VIP.zip,31KB,NEW-v1.5.0,21,1367,20,2,3,6,v1.7.4,2026-09-28,✅,PASS(verilator),https://github.com/tonythetiger168/open-vip-portfolio/tree/main/vips/AVSBus-VIP,Apache-2.0,AVSBus (Adaptive Voltage Scaling)
64,Power,ARM Q-Channel Low Power Interface,UVM VIP,LPI-VIP.zip,29KB,NEW-v1.5.0,21,1282,21,2,3,6,v1.7.4,2026-09-28,✅,PASS,https://github.com/tonythetiger168/open-vip-portfolio/tree/main/vips/LPI-VIP,Apache-2.0,ARM Q-Channel (Low Power Interface)
65,Video,HDMI 2.1,UVM VIP,HDMI-VIP.zip,31KB,NEW-v1.5.0,21,1416,21,2,3,6,v1.7.4,2026-09-28,✅,PASS,https://github.com/tonythetiger168/open-vip-portfolio/tree/main/vips/HDMI-VIP,Apache-2.0,HDMI 2.1
66,Security,HDCP 2.3 Content Protection,UVM VIP,HDCP-VIP.zip,32KB,NEW-v1.5.0,21,1596,21,2,3,6,v1.7.4,2026-09-28,✅,PASS,https://github.com/tonythetiger168/open-vip-portfolio/tree/main/vips/HDCP-VIP,Apache-2.0,HDCP 2.3
67,MIPI,MIPI I3C,UVM VIP,I3C-VIP.zip,35KB,NEW-v1.5.0,21,1844,20,2,3,6,v1.7.4,2026-09-28,✅,PASS,https://github.com/tonythetiger168/open-vip-portfolio/tree/main/vips/I3C-VIP,Apache-2.0,MIPI I3C
68,MIPI,MIPI RFFE,UVM VIP,RFFE-VIP.zip,30KB,NEW-v1.5.0,21,1418,19,2,3,6,v1.7.4,2026-09-28,✅,PASS,https://github.com/tonythetiger168/open-vip-portfolio/tree/main/vips/RFFE-VIP,Apache-2.0,MIPI RFFE
69,MIPI,MIPI SLIMbus,UVM VIP,SLIMbus-VIP.zip,31KB,NEW-v1.5.0,21,1468,20,2,3,6,v1.7.4,2026-09-28,✅,PASS,https://github.com/tonythetiger168/open-vip-portfolio/tree/main/vips/SLIMbus-VIP,Apache-2.0,MIPI SLIMbus
70,MIPI,MIPI SoundWire,UVM VIP,SoundWire-VIP.zip,32KB,NEW-v1.5.0,21,1497,20,2,3,6,v1.7.4,2026-09-28,✅,PASS(verilator),https://github.com/tonythetiger168/open-vip-portfolio/tree/main/vips/SoundWire-VIP,Apache-2.0,MIPI SoundWire
71,MIPI,MIPI SPMI,UVM VIP,SPMI-VIP.zip,30KB,NEW-v1.5.0,21,1376,20,2,3,6,v1.7.4,2026-09-28,✅,PASS,https://github.com/tonythetiger168/open-vip-portfolio/tree/main/vips/SPMI-VIP,Apache-2.0,MIPI SPMI
72,MIPI,MIPI DBI (Display Bus Interface),UVM VIP,DBI-VIP.zip,28KB,NEW-v1.5.0,21,1290,21,2,3,6,v1.7.4,2026-09-28,✅,PASS(verilator),https://github.com/tonythetiger168/open-vip-portfolio/tree/main/vips/DBI-VIP,Apache-2.0,MIPI DBI
73,MIPI,MIPI DPI (Display Pixel Interface),UVM VIP,DPI-VIP.zip,27KB,NEW-v1.5.0,21,1173,20,2,3,6,v1.7.4,2026-09-28,✅,PASS,https://github.com/tonythetiger168/open-vip-portfolio/tree/main/vips/DPI-VIP,Apache-2.0,MIPI DPI
74,Interconnect,CCIX Cache Coherent Interconnect,UVM VIP,CCIX-VIP.zip,28KB,NEW-v1.5.0,21,1207,19,2,3,6,v1.7.4,2026-09-28,✅,PASS,https://github.com/tonythetiger168/open-vip-portfolio/tree/main/vips/CCIX-VIP,Apache-2.0,CCIX (Cache Coherent Interconnect)
75,Interconnect,CXS CCIX Stream Interface,UVM VIP,CXS-VIP.zip,28KB,NEW-v1.5.0,21,1245,19,2,3,6,v1.7.4,2026-09-28,✅,PASS,https://github.com/tonythetiger168/open-vip-portfolio/tree/main/vips/CXS-VIP,Apache-2.0,CXS (CCIX Stream Interface)
76,Interconnect,OCP-IP Open Core Protocol,UVM VIP,OCP-VIP.zip,28KB,NEW-v1.5.0,21,1277,19,2,3,6,v1.7.4,2026-09-28,✅,PASS(verilator),https://github.com/tonythetiger168/open-vip-portfolio/tree/main/vips/OCP-VIP,Apache-2.0,OCP-IP
77,Interconnect,TileLink (TL-UL/TL-C),UVM VIP,TileLink-VIP.zip,29KB,NEW-v1.5.0,21,1271,18,3,3,6,v1.7.4,2026-09-28,✅,PASS(verilator),https://github.com/tonythetiger168/open-vip-portfolio/tree/main/vips/TileLink-VIP,Apache-2.0,TileLink
78,Interconnect,ARM Local Translation Interface,UVM VIP,LTI-VIP.zip,28KB,NEW-v1.5.0,21,1231,19,2,3,6,v1.7.4,2026-09-28,✅,PASS,https://github.com/tonythetiger168/open-vip-portfolio/tree/main/vips/LTI-VIP,Apache-2.0,ARM LTI (Local Translation Interface)
79,Memory,DFI 5.0 (MC-PHY Interface),UVM VIP,DFI-VIP.zip,32KB,NEW-v1.5.0,21,1530,21,2,3,6,v1.7.4,2026-09-28,✅,PASS(verilator),https://github.com/tonythetiger168/open-vip-portfolio/tree/main/vips/DFI-VIP,Apache-2.0,DFI 5.0
80,Telecom,CPRI v8.0 (eCPRI over CPR),UVM VIP,CPRI-VIP.zip,29KB,NEW-v1.5.0,21,1301,20,2,3,6,v1.7.4,2026-09-28,✅,PASS,https://github.com/tonythetiger168/open-vip-portfolio/tree/main/vips/CPRI-VIP,Apache-2.0,CPRI v8.0
81,Telecom,eCPRI over Ethernet,UVM VIP,eCPRI-VIP.zip,30KB,NEW-v1.5.0,21,1373,17,3,3,6,v1.7.4,2026-09-28,✅,PASS,https://github.com/tonythetiger168/open-vip-portfolio/tree/main/vips/eCPRI-VIP,Apache-2.0,eCPRI over Ethernet
82,Networking,Interlaken v1.2,UVM VIP,Interlaken-VIP.zip,30KB,NEW-v1.5.0,21,1348,18,3,3,6,v1.7.4,2026-09-28,✅,PASS,https://github.com/tonythetiger168/open-vip-portfolio/tree/main/vips/Interlaken-VIP,Apache-2.0,Interlaken v1.2
83,SerDes,JESD204C,UVM VIP,JESD204-VIP.zip,31KB,NEW-v1.5.0,21,1410,19,2,3,6,v1.7.4,2026-09-28,✅,PASS,https://github.com/tonythetiger168/open-vip-portfolio/tree/main/vips/JESD204-VIP,Apache-2.0,JESD204C
84,Storage,SAS-4 (Serial Attached SCSI),UVM VIP,SAS-VIP.zip,34KB,NEW-v1.5.0,21,1722,21,2,3,6,v1.7.4,2026-09-28,✅,PASS,https://github.com/tonythetiger168/open-vip-portfolio/tree/main/vips/SAS-VIP,Apache-2.0,SAS-4
85,Storage,Toggle Mode NAND,UVM VIP,ToggleNAND-VIP.zip,33KB,NEW-v1.5.0,21,1630,21,2,3,6,v1.7.4,2026-09-28,✅,PASS(verilator),https://github.com/tonythetiger168/open-vip-portfolio/tree/main/vips/ToggleNAND-VIP,Apache-2.0,Toggle Mode NAND
86,Security,Crypto / Security Engine,UVM VIP,Security-VIP.zip,30KB,NEW-v1.5.0,21,1360,20,3,3,6,v1.7.4,2026-09-28,✅,PASS(verilator),https://github.com/tonythetiger168/open-vip-portfolio/tree/main/vips/Security-VIP,Apache-2.0,Crypto (Security Engine)
87,USB,USB Type-C Port Controller,UVM VIP,TypeC-VIP.zip,31KB,NEW-v1.5.0,21,1500,23,2,3,6,v1.7.4,2026-09-28,✅,PASS(verilator),https://github.com/tonythetiger168/open-vip-portfolio/tree/main/vips/TypeC-VIP,Apache-2.0,USB Type-C Port Controller
88,AMBA,ACE,RTL IP,ACE-VIP.zip,13KB,open-ip-portfolio,2,0,0,0,0,0,v1.7.4,2026-09-28,✅,PASS(directed tb),https://github.com/tonythetiger168/open-vip-portfolio/tree/main/vips/ACE-VIP,Apache-2.0,ACE
89,AMBA,ACE-Lite,RTL IP,ACE_Lite-VIP.zip,11KB,open-ip-portfolio,2,0,0,0,0,0,v1.7.4,2026-09-28,✅,PASS(directed tb),https://github.com/tonythetiger168/open-vip-portfolio/tree/main/vips/ACE_Lite-VIP,Apache-2.0,ACE-Lite
90,Debug,ATB,RTL IP,ATB-VIP.zip,7KB,open-ip-portfolio,2,0,0,0,0,0,v1.7.4,2026-09-28,✅,PASS(directed tb),https://github.com/tonythetiger168/open-vip-portfolio/tree/main/vips/ATB-VIP,Apache-2.0,ATB
91,AMBA,AXI4,RTL IP,AXI4-VIP.zip,13KB,open-ip-portfolio,2,0,0,0,0,0,v1.7.4,2026-09-28,✅,PASS(directed tb),https://github.com/tonythetiger168/open-vip-portfolio/tree/main/vips/AXI4-VIP,Apache-2.0,AXI4
92,AMBA,AXI4-Lite,RTL IP,AXI4_Lite-VIP.zip,10KB,open-ip-portfolio,2,0,0,0,0,0,v1.7.4,2026-09-28,✅,PASS(directed tb),https://github.com/tonythetiger168/open-vip-portfolio/tree/main/vips/AXI4_Lite-VIP,Apache-2.0,AXI4-Lite
93,AMBA,AXI-Stream,RTL IP,AXI_Stream-VIP.zip,7KB,open-ip-portfolio,2,0,0,0,0,0,v1.7.4,2026-09-28,✅,PASS(directed tb),https://github.com/tonythetiger168/open-vip-portfolio/tree/main/vips/AXI_Stream-VIP,Apache-2.0,AXI-Stream
94,Interconnect,Avalon-MM,RTL IP,Avalon_MM-VIP.zip,10KB,open-ip-portfolio,2,0,0,0,0,0,v1.7.4,2026-09-28,✅,PASS(directed tb),https://github.com/tonythetiger168/open-vip-portfolio/tree/main/vips/Avalon_MM-VIP,Apache-2.0,Avalon-MM
95,Interconnect,Avalon-ST,RTL IP,Avalon_ST-VIP.zip,7KB,open-ip-portfolio,2,0,0,0,0,0,v1.7.4,2026-09-28,✅,PASS(directed tb),https://github.com/tonythetiger168/open-vip-portfolio/tree/main/vips/Avalon_ST-VIP,Apache-2.0,Avalon-ST
96,AMBA,CHI,RTL IP,CHI-VIP.zip,8KB,open-ip-portfolio,2,0,0,0,0,0,v1.7.4,2026-09-28,✅,PASS(directed tb),https://github.com/tonythetiger168/open-vip-portfolio/tree/main/vips/CHI-VIP,Apache-2.0,CHI
97,Memory,DDR4,RTL IP,DDR4-VIP.zip,11KB,open-ip-portfolio,4,0,0,0,0,0,v1.7.4,2026-09-28,✅,PASS(directed tb),https://github.com/tonythetiger168/open-vip-portfolio/tree/main/vips/DDR4-VIP,Apache-2.0,DDR4
98,Networking,GMII,RTL IP,GMII-VIP.zip,7KB,open-ip-portfolio,2,0,0,0,0,0,v1.7.4,2026-09-28,✅,PASS(directed tb),https://github.com/tonythetiger168/open-vip-portfolio/tree/main/vips/GMII-VIP,Apache-2.0,GMII
99,Peripherals,GPIO,RTL IP,GPIO-VIP.zip,6KB,open-ip-portfolio,2,0,0,0,0,0,v1.7.4,2026-09-28,✅,PASS(directed tb),https://github.com/tonythetiger168/open-vip-portfolio/tree/main/vips/GPIO-VIP,Apache-2.0,GPIO
100,Memory,LPDDR4,RTL IP,LPDDR4-VIP.zip,11KB,open-ip-portfolio,4,0,0,0,0,0,v1.7.4,2026-09-28,✅,PASS(directed tb),https://github.com/tonythetiger168/open-vip-portfolio/tree/main/vips/LPDDR4-VIP,Apache-2.0,LPDDR4
101,Networking,MDIO,RTL IP,MDIO-VIP.zip,8KB,open-ip-portfolio,2,0,0,0,0,0,v1.7.4,2026-09-28,✅,PASS(directed tb),https://github.com/tonythetiger168/open-vip-portfolio/tree/main/vips/MDIO-VIP,Apache-2.0,MDIO
102,Peripherals,1-Wire,RTL IP,OneWire-VIP.zip,8KB,open-ip-portfolio,2,0,0,0,0,0,v1.7.4,2026-09-28,✅,PASS(directed tb),https://github.com/tonythetiger168/open-vip-portfolio/tree/main/vips/OneWire-VIP,Apache-2.0,1-Wire
103,Peripherals,PWM,RTL IP,PWM-VIP.zip,6KB,open-ip-portfolio,2,0,0,0,0,0,v1.7.4,2026-09-28,✅,PASS(directed tb),https://github.com/tonythetiger168/open-vip-portfolio/tree/main/vips/PWM-VIP,Apache-2.0,PWM
104,Serial,QSPI,RTL IP,QSPI-VIP.zip,8KB,open-ip-portfolio,2,0,0,0,0,0,v1.7.4,2026-09-28,✅,PASS(directed tb),https://github.com/tonythetiger168/open-vip-portfolio/tree/main/vips/QSPI-VIP,Apache-2.0,QSPI
105,Networking,RGMII,RTL IP,RGMII-VIP.zip,8KB,open-ip-portfolio,2,0,0,0,0,0,v1.7.4,2026-09-28,✅,PASS(directed tb),https://github.com/tonythetiger168/open-vip-portfolio/tree/main/vips/RGMII-VIP,Apache-2.0,RGMII
106,Storage,SDIO,RTL IP,SDIO-VIP.zip,15KB,open-ip-portfolio,2,0,0,0,0,0,v1.7.4,2026-09-28,✅,PASS(directed tb),https://github.com/tonythetiger168/open-vip-portfolio/tree/main/vips/SDIO-VIP,Apache-2.0,SDIO
107,Debug,WTB,RTL IP,WTB-VIP.zip,14KB,open-ip-portfolio,2,0,0,0,0,0,v1.7.4,2026-09-28,✅,PASS(directed tb),https://github.com/tonythetiger168/open-vip-portfolio/tree/main/vips/WTB-VIP,Apache-2.0,WTB
108,Interconnect,Wishbone,RTL IP,Wishbone-VIP.zip,10KB,open-ip-portfolio,2,0,0,0,0,0,v1.7.4,2026-09-28,✅,PASS(directed tb),https://github.com/tonythetiger168/open-vip-portfolio/tree/main/vips/Wishbone-VIP,Apache-2.0,Wishbone
109,Networking,XGMII,RTL IP,XGMII-VIP.zip,8KB,open-ip-portfolio,2,0,0,0,0,0,v1.7.4,2026-09-28,✅,PASS(directed tb),https://github.com/tonythetiger168/open-vip-portfolio/tree/main/vips/XGMII-VIP,Apache-2.0,XGMII
110,AMBA,ACE-Lite,UVM VIP,ACE_Lite-UVM-VIP.zip,24KB,wave2-uvm,18,878,3,2,1,2,v1.7.4,2026-09-28,✅,PASS(functional),https://github.com/tonythetiger168/open-vip-portfolio/tree/main/vips/ACE_Lite-UVM-VIP,Apache-2.0,ACE-Lite
111,Debug,ATB,UVM VIP,ATB-UVM-VIP.zip,23KB,wave2-uvm,18,821,3,2,1,2,v1.7.4,2026-09-28,✅,PASS(functional),https://github.com/tonythetiger168/open-vip-portfolio/tree/main/vips/ATB-UVM-VIP,Apache-2.0,ATB
112,Interconnect,Avalon-MM,UVM VIP,Avalon_MM-UVM-VIP.zip,24KB,wave2-uvm,18,863,4,2,1,2,v1.7.4,2026-09-28,✅,PASS(functional),https://github.com/tonythetiger168/open-vip-portfolio/tree/main/vips/Avalon_MM-UVM-VIP,Apache-2.0,Avalon-MM
113,Interconnect,Avalon-ST,UVM VIP,Avalon_ST-UVM-VIP.zip,24KB,wave2-uvm,18,862,3,2,1,2,v1.7.4,2026-09-28,✅,PASS(functional),https://github.com/tonythetiger168/open-vip-portfolio/tree/main/vips/Avalon_ST-UVM-VIP,Apache-2.0,Avalon-ST
114,Automotive,CAN-FD,UVM VIP,CAN_FD-UVM-VIP.zip,23KB,wave2-uvm,18,811,3,2,1,2,v1.7.4,2026-09-28,✅,PASS(functional),https://github.com/tonythetiger168/open-vip-portfolio/tree/main/vips/CAN_FD-UVM-VIP,Apache-2.0,CAN
115,AMBA,CHI,UVM VIP,CHI-UVM-VIP.zip,24KB,wave2-uvm,18,888,3,2,1,2,v1.7.4,2026-09-28,✅,PASS(functional),https://github.com/tonythetiger168/open-vip-portfolio/tree/main/vips/CHI-UVM-VIP,Apache-2.0,CHI
116,Industrial,EtherCAT,UVM VIP,EtherCAT-VIP.zip,24KB,wave2-uvm,18,837,3,2,1,2,v1.7.4,2026-09-28,✅,PASS(functional),https://github.com/tonythetiger168/open-vip-portfolio/tree/main/vips/EtherCAT-VIP,Apache-2.0,-
117,Networking,GMII,UVM VIP,GMII-UVM-VIP.zip,23KB,wave2-uvm,18,814,3,2,1,2,v1.7.4,2026-09-28,✅,PASS(functional),https://github.com/tonythetiger168/open-vip-portfolio/tree/main/vips/GMII-UVM-VIP,Apache-2.0,GMII
118,Peripherals,GPIO,UVM VIP,GPIO-UVM-VIP.zip,23KB,wave2-uvm,18,784,3,2,1,2,v1.7.4,2026-09-28,✅,PASS(functional),https://github.com/tonythetiger168/open-vip-portfolio/tree/main/vips/GPIO-UVM-VIP,Apache-2.0,GPIO
119,Industrial,IO-Link,UVM VIP,IO_Link-VIP.zip,24KB,wave2-uvm,18,916,3,2,1,2,v1.7.4,2026-09-28,✅,PASS(functional),https://github.com/tonythetiger168/open-vip-portfolio/tree/main/vips/IO_Link-VIP,Apache-2.0,-
120,Networking,MDIO,UVM VIP,MDIO-UVM-VIP.zip,23KB,wave2-uvm,18,805,3,2,1,2,v1.7.4,2026-09-28,✅,PASS(functional),https://github.com/tonythetiger168/open-vip-portfolio/tree/main/vips/MDIO-UVM-VIP,Apache-2.0,MDIO
121,Aerospace,MIL-STD-1553,UVM VIP,MIL_STD_1553-VIP.zip,24KB,wave2-uvm,18,841,3,2,1,2,v1.7.4,2026-09-28,✅,PASS(functional),https://github.com/tonythetiger168/open-vip-portfolio/tree/main/vips/MIL_STD_1553-VIP,Apache-2.0,-
122,Peripherals,1-Wire,UVM VIP,OneWire-UVM-VIP.zip,23KB,wave2-uvm,18,809,3,2,1,2,v1.7.4,2026-09-28,✅,PASS(functional),https://github.com/tonythetiger168/open-vip-portfolio/tree/main/vips/OneWire-UVM-VIP,Apache-2.0,1-Wire
123,Networking,IEEE 1588 PTP,UVM VIP,PTP-VIP.zip,23KB,wave2-uvm,18,836,3,2,1,2,v1.7.4,2026-09-28,✅,PASS(functional),https://github.com/tonythetiger168/open-vip-portfolio/tree/main/vips/PTP-VIP,Apache-2.0,-
124,Peripherals,PWM,UVM VIP,PWM-UVM-VIP.zip,23KB,wave2-uvm,18,808,3,2,1,2,v1.7.4,2026-09-28,✅,PASS(functional),https://github.com/tonythetiger168/open-vip-portfolio/tree/main/vips/PWM-UVM-VIP,Apache-2.0,PWM
125,Networking,RGMII,UVM VIP,RGMII-UVM-VIP.zip,23KB,wave2-uvm,18,785,3,2,1,2,v1.7.4,2026-09-28,✅,PASS(functional),https://github.com/tonythetiger168/open-vip-portfolio/tree/main/vips/RGMII-UVM-VIP,Apache-2.0,RGMII
126,Interconnect,RapidIO,UVM VIP,RapidIO-VIP.zip,23KB,wave2-uvm,18,830,3,2,1,2,v1.7.4,2026-09-28,✅,PASS(functional),https://github.com/tonythetiger168/open-vip-portfolio/tree/main/vips/RapidIO-VIP,Apache-2.0,-
127,Storage,SDIO,UVM VIP,SDIO-UVM-VIP.zip,23KB,wave2-uvm,18,858,3,2,1,2,v1.7.4,2026-09-28,✅,PASS(functional),https://github.com/tonythetiger168/open-vip-portfolio/tree/main/vips/SDIO-UVM-VIP,Apache-2.0,SDIO
128,Automotive,SENT,UVM VIP,SENT-VIP.zip,23KB,wave2-uvm,18,822,3,2,1,2,v1.7.4,2026-09-28,✅,PASS(functional),https://github.com/tonythetiger168/open-vip-portfolio/tree/main/vips/SENT-VIP,Apache-2.0,-
129,Debug,WTB,UVM VIP,WTB-UVM-VIP.zip,23KB,wave2-uvm,18,826,3,2,1,2,v1.7.4,2026-09-28,✅,PASS(functional),https://github.com/tonythetiger168/open-vip-portfolio/tree/main/vips/WTB-UVM-VIP,Apache-2.0,WTB
130,Interconnect,Wishbone,UVM VIP,Wishbone-UVM-VIP.zip,24KB,wave2-uvm,18,843,4,2,1,2,v1.7.4,2026-09-28,✅,PASS(functional),https://github.com/tonythetiger168/open-vip-portfolio/tree/main/vips/Wishbone-UVM-VIP,Apache-2.0,Wishbone
131,Networking,XGMII,UVM VIP,XGMII-UVM-VIP.zip,23KB,wave2-uvm,18,783,3,2,1,2,v1.7.4,2026-09-28,✅,PASS(functional),https://github.com/tonythetiger168/open-vip-portfolio/tree/main/vips/XGMII-UVM-VIP,Apache-2.0,XGMII
